{"cameraMode":{"drawMode":0,"name":"Shaded","section":"Shading Mode"},"sceneLighting":false,"audioPlay":false,"sceneViewState":{"m_AlwaysRefresh":false,"showFog":true,"showSkybox":false,"showFlares":true,"showImageEffects":true,"showParticleSystems":true,"showVisualEffectGraphs":true,"m_FxEnabled":true},"in2DMode":false,"pivot":{"x":-13.260406494140625,"y":3.635920524597168,"z":6.600842475891113},"rotation":{"x":-0.1496875286102295,"y":0.027282437309622766,"z":-0.0041319201700389389,"w":-0.9883488416671753},"size":10.282726287841797,"orthographic":false}